,mean_radius,mean_texture,mean_perimeter,mean_area,mean_smoothness,diagnosis
count,569.0,569.0,569.0,569.0,569.0,569.0
mean,14.127291739894552,19.289648506151142,91.96903339191564,654.8891036906855,0.0963602811950791,0.6274165202108963
std,3.5240488262120775,4.301035768166949,24.298981038754906,351.914129181653,0.01406412813767362,0.48391795640316865
min,6.981,9.71,43.79,143.5,0.05263,0.0
25%,11.7,16.17,75.17,420.3,0.08637,0.0
50%,13.37,18.84,86.24,551.1,0.09587,1.0
75%,15.78,21.8,104.1,782.7,0.1053,1.0
max,28.11,39.28,188.5,2501.0,0.1634,1.0
